metric,mean_delta,ci95_low,ci95_high,Pr_positive
online_minus_standard,0.09185370581225573,0.08983644385842632,0.09391525055584403,1.0
d1_minus_standard,0.07069461665229991,0.06845970879157402,0.07299259306583919,1.0
d2_minus_standard,0.06936021536045067,0.06755227392686972,0.07117565692745542,1.0
d3_minus_standard,0.07042478629891104,0.06857172568640583,0.07226956908673837,1.0
latency_aware_minus_standard,0.06721280429663175,0.06553393265419012,0.06891465538819233,1.0
latency_aware_minus_d2,-0.002147411063818923,-0.003329683722007121,-0.0009291656286524108,0.4453125
latency_aware_minus_d3,-0.003211982002279292,-0.004161878783987952,-0.002273534802925146,0.3619791666666667
latency_aware_minus_oracle,-0.03348146346041377,-0.03442784613590835,-0.03253894289848368,0.0
