{
  "test_id": "Test 13",
  "name": "Independent simulator implementation",
  "n_circuit_families": 4,
  "n_total_environments": 72,
  "mean_P_base": 0.3562103035757513,
  "mean_P_standard": 0.43209413488718,
  "mean_P_TMI": 0.5442281890364634,
  "mean_delta_TMI_minus_standard": 0.11213405414928336,
  "ci95_delta_low": 0.09625527905784172,
  "ci95_delta_high": 0.12815992184506736,
  "Pr_TMI_greater_than_standard": 1.0,
  "circuits_passed": 4,
  "circuits_total": 4,
  "passed": true
}