profile,best_policy,best_score,w_P,w_Cost,w_Safety,w_Latency,w_Robustness,score_cost_aware_balanced,score_cost_aware_low,score_high_perf_online,score_latency_optimized,score_oracle_high_cost,score_standard
performance_first,cost_aware_low,0.6798231481600155,0.6200000000000001,0.08000000000000002,0.10000000000000002,0.08000000000000002,0.12000000000000001,0.6565810568553393,0.6798231481600155,0.6587045410339349,0.6695053105049668,0.652909556868522,0.5232924272622128
cost_first,standard,0.8214309015984521,0.16,0.5,0.14,0.1,0.1,0.5170678791055823,0.637277816563371,0.47625288081598105,0.5240742949186661,0.3173048940935943,0.8214309015984521
safety_first,cost_aware_low,0.7640429243204162,0.18,0.14,0.46,0.08,0.14,0.6946593874630339,0.7640429243204162,0.5914620273328917,0.6800321450423317,0.5399334296460916,0.726833851790432
latency_first,standard,0.761476422934086,0.18,0.14,0.12,0.42,0.14,0.5324074068645175,0.6627183297831974,0.46323699299620436,0.5778623793497466,0.348704978271566,0.761476422934086
robustness_first,cost_aware_low,0.7512258886828918,0.18,0.12,0.16,0.1,0.44,0.6890637130872928,0.7512258886828918,0.6075004506254241,0.7064620395299297,0.6126366659601303,0.7058272351843479
balanced,standard,0.7113163517228343,0.26,0.2,0.2,0.16,0.18,0.6148968873237743,0.697747902745413,0.5558364788052336,0.6283982399327048,0.487133173138237,0.7113163517228343
safety_cost_balanced,standard,0.7737400100632584,0.16,0.3,0.3,0.1,0.14,0.6117899703577565,0.7062523814480097,0.5358312507216224,0.60966199001401,0.43691857505510634,0.7737400100632584
latency_robust,standard,0.7447751303068109,0.16,0.12,0.14,0.3,0.28,0.5996567692933265,0.7038942227382536,0.5202172404165687,0.6349817141179425,0.45737755840607525,0.7447751303068109
