mode,mean_P,ci95_low,ci95_high
base,0.7602501212466004,0.7558166524893952,0.7646884381752102
standard,0.791529389110702,0.7876742296101799,0.7955001846403897
online_no_delay,0.8833830949229577,0.8806970556356245,0.88610342064265
delayed_d1,0.862224005763002,0.8586891783722556,0.8655876347975022
delayed_d2,0.8608896044711528,0.85789930143815,0.8639609266821402
delayed_d3,0.8619541754096129,0.8587367112911325,0.8649565143042415
latency_aware,0.8587421934073339,0.8556594767106632,0.8618459667073024
oracle,0.8922236568677476,0.8896348938125803,0.8947610027453573
