true_noise,amplitude_damping,dephasing,depolarizing,mixed
amplitude_damping,0.2578125,0.4869791666666667,0.052083333333333336,0.203125
dephasing,0.036458333333333336,0.4947916666666667,0.2682291666666667,0.20052083333333334
depolarizing,0.2951388888888889,0.3368055555555556,0.3055555555555556,0.0625
mixed,0.20625,0.40625,0.21458333333333332,0.17291666666666666
