sequence,n,mean_P_standard,mean_P_static,mean_P_online,mean_P_oracle,mean_delta_online_standard,mean_delta_online_static,Pr_online_gt_standard,online_acc,static_acc,passed
seq_amp_to_mixed_to_depol,96,0.5143689493017601,0.5274515577307166,0.5413936561417654,0.5459965964535527,0.027024706840005186,0.013942098411048787,0.9895833333333334,0.8159722222222222,0.3159722222222222,True
seq_dephase_to_mixed_to_amp,96,0.5154884675322587,0.5240431339180192,0.5441478547609294,0.5505135308698837,0.028659387228670664,0.02010472084291026,0.9895833333333334,0.8020833333333334,0.3229166666666667,True
seq_depol_to_mixed_to_dephase,96,0.5304860712842627,0.5292755120946966,0.5469930806396809,0.5519255006285453,0.016507009355418146,0.017717568544984255,0.9375,0.8090277777777778,0.3333333333333333,True
seq_fast_switching,96,0.5332530780639567,0.5382043445208206,0.5576380584068036,0.5628647505593624,0.024384980342846845,0.01943371388598303,1.0,0.828125,0.25,True
seq_mixed_to_dephase_to_amp,96,0.512233024019866,0.5252674066102437,0.5430843205689961,0.5488309061418774,0.030851296549130134,0.017816913958752432,0.9895833333333334,0.8194444444444445,0.2916666666666667,True
