circuit,n_env,mean_P_base,mean_P_standard,mean_P_TMI,mean_delta_TMI_minus_standard,Pr_TMI_greater_than_standard,mean_delta_TMI_minus_base,Pr_TMI_greater_than_base,mean_T2_base_us,mean_T2_standard_us,mean_T2_TMI_us,mean_abs_u_error,passed
sdk_style_balanced_inverse,18,0.26014381080363475,0.38426841670609346,0.5556467117777358,0.17137829507164234,1.0,0.295502900974101,1.0,54.89227754714719,91.63625152460844,171.96007959938086,0.042405683546157036,True
sdk_style_deep_mixed_inverse,18,0.37027180792243725,0.4338877348750486,0.5093878488953549,0.07550011402030636,1.0,0.13911604097291774,1.0,48.788591462609745,81.54290410792841,125.49750414715602,0.05387748503675658,True
sdk_style_ghz_echo,18,0.5055447961608386,0.5415745662911595,0.6178157397597205,0.07624117346856095,1.0,0.11227094359888173,1.0,53.237358665451026,92.36785968739281,171.11057795565523,0.06671126448688652,True
sdk_style_phase_chain,18,0.28888079941609435,0.36864582167641863,0.49406245571304247,0.12541663403662373,1.0,0.20518165629694798,1.0,51.89321714573185,77.32443041421031,137.68891949575152,0.06288190881969315,True
