noise_model,n,mean_P_base,mean_P_standard,mean_P_TMI,mean_delta_TMI_minus_standard,ci95_delta_low,ci95_delta_high,Pr_TMI_greater_than_standard,circuits_passed,circuits_total
amplitude_damping,54,0.9316924266755616,0.933124580067945,0.9328078979708879,-0.0003166820970571218,-0.000458364750105506,-0.0001785167589103102,0.2037037037037037,0,3
depolarizing,54,0.8878282662567135,0.9187812959807118,0.9238252565623785,0.005043960581666369,0.0031752903418174544,0.00695043572327782,0.7777777777777778,3,3
mixed,54,0.8769580576810974,0.9107942654769622,0.9183003696882404,0.007506104211278115,0.00519562605598443,0.01026556804524159,0.7962962962962963,3,3
pure_dephasing,54,0.8186037767304387,0.8911636769152176,0.9059966486976384,0.014832971782420946,0.010810001653349461,0.019099320659194386,0.8888888888888888,3,3
