circuit,n_env,mean_P_base,mean_P_standard,mean_P_coh_TMI,mean_P_relax_TMI,mean_delta_coh_minus_standard,Pr_coh_greater_than_standard,mean_delta_relax_minus_standard,ci95_delta_relax_low,ci95_delta_relax_high,Pr_relax_greater_than_standard,mean_delta_relax_minus_coh,Pr_relax_greater_than_coh,mean_T1_standard,mean_T1_relax_TMI,mean_abs_r_error,status_relax_vs_standard,status_relax_vs_coh
excited_entangle_inverse_111,36,0.13383502238387796,0.14237316960967913,0.14209829463638574,0.29832155280657885,-0.0002748749732933616,0.3333333333333333,0.15594838319689966,0.13735859361775565,0.17483280013081248,1.0,0.15622325817019306,1.0,62.607377137517425,131.97884718024648,0.030873530675244246,passed,passed
excited_memory_111,36,0.2721433473666086,0.2822503195206314,0.2815774501329758,0.46355701385390763,-0.0006728693876556933,0.3055555555555556,0.1813066943332762,0.16084929681612145,0.20204886523686036,1.0,0.18197956372093188,1.0,57.22448514800434,112.75543472759918,0.03040073588390631,passed,passed
ghz_excited_hold,36,0.13253520632865723,0.14149253738532327,0.1424009382752781,0.26278755776348894,0.000908400889954804,0.5555555555555556,0.12129502037816563,0.10430536867810318,0.13893597723291337,1.0,0.12038661948821083,1.0,62.307298151509336,116.33573580895865,0.0326414947914736,passed,passed
partial_excited_101,36,0.25182645114761654,0.2645251302035384,0.26473696489832893,0.41886262250700246,0.0002118346947905787,0.4444444444444444,0.15433749230346408,0.1368943138170786,0.17232296513223352,1.0,0.15412565760867347,1.0,58.306147710194146,107.88026170310053,0.03272154814053716,passed,passed
