cost_lambda,mean_utility_tuning,mean_efficiency_tuning
0.0,0.0528134689441626,0.05883343304717839
0.01,0.0528134689441626,0.05883343304717839
0.02,0.0528134689441626,0.05883343304717839
0.035,0.0528134689441626,0.05883343304717839
0.05,0.0528134689441626,0.05883343304717839
0.07,0.0528134689441626,0.05883343304717839
0.095,0.0528134689441626,0.05883343304717839
