circuit,mean_P_standard,mean_P_delayed_d2,mean_P_latency_optimized,mean_P_oracle,mean_delta_latency_standard,mean_delta_latency_d2,Pr_latency_gt_d2
balanced_entangle_inverse,0.8052989461688556,0.8711933403545146,0.8849646309656036,0.9020682016563241,0.07966568479674795,0.013771290611088945,0.9629629629629629
deep_chain_inverse,0.7666376219765341,0.8424531350866326,0.8581549380604762,0.8769085047583113,0.09151731608394195,0.015701802973843496,0.9629629629629629
ghz_long_idle_inverse,0.7559593261910744,0.8351779687516973,0.8514951539525741,0.8713370902591931,0.09553582776149969,0.01631718520087699,0.9444444444444444
local_mix_inverse,0.8433701641134468,0.8938689891676831,0.9055191931459308,0.9199043268310662,0.06214902903248413,0.011650203978247784,0.9259259259259259
