circuit,mean_P_standard,mean_P_online,mean_P_delayed_d2,mean_P_latency_aware,mean_P_oracle,mean_delta_latency_standard,Pr_latency_gt_standard
balanced_entangle_inverse,0.8039943703739563,0.8910323654664007,0.8691425088036865,0.8674169241073798,0.899577169397383,0.06342255373342345,1.0
deep_chain_inverse,0.767153972592375,0.8681582525462758,0.8430915778502989,0.8417836294093682,0.8777587395591192,0.07462965681699323,1.0
ghz_long_idle_inverse,0.7534942883283895,0.8613238937098422,0.8366031880998094,0.8329195085356033,0.871420215290791,0.07942522020721385,1.0
local_mix_inverse,0.8414749251480874,0.9130178679693124,0.8947211431308162,0.8928487115769839,0.9201385032236974,0.05137378642889646,1.0
