true_noise,amplitude_damping,dephasing,depolarizing,mixed
amplitude_damping,0.8567708333333334,0.09375,0.0,0.049479166666666664
dephasing,0.0,0.8958333333333334,0.0546875,0.049479166666666664
depolarizing,0.0,0.0625,0.8645833333333334,0.07291666666666667
mixed,0.09791666666666667,0.10833333333333334,0.10416666666666667,0.6895833333333333
