circuit,n,mean_P_standard,mean_P_static,mean_P_online,mean_P_oracle,mean_delta_online_standard,mean_delta_online_static,Pr_online_gt_standard,online_acc,static_acc,passed
balanced_entangle_inverse,120,0.5188291601229689,0.5274620565026324,0.5448676850304129,0.5507792046308257,0.026038524907444065,0.017405628527780527,0.9916666666666667,0.7958333333333333,0.30277777777777776,True
deep_chain_inverse,120,0.4908087926271205,0.49649732462475277,0.5150646336465663,0.519624485753276,0.02425584101944577,0.018567309021813503,0.9666666666666667,0.8493055555555556,0.3055555555555555,True
ghz_long_idle_inverse,120,0.4806188674692084,0.4905588115164901,0.5099172111064036,0.5169414750613823,0.029298343637195263,0.019358399589913595,0.9916666666666667,0.79375,0.3,True
local_mix_inverse,120,0.5944068519423857,0.600875371255722,0.6167560466311574,0.6207598622770931,0.022349194688771678,0.01588067537543538,0.975,0.8208333333333333,0.30277777777777776,True
