circuit,n,classification_accuracy,mean_P_standard,mean_P_classifier_TMI,mean_delta_classifier_minus_standard,Pr_classifier_greater_than_standard
balanced,120,0.9583333333333334,0.6301271018799471,0.6862004211590804,0.05607331927913346,1.0
deep_chain,120,0.95,0.6156856425607766,0.672923983132926,0.057238340572149375,1.0
ghz_idle,120,0.95,0.6331856816020114,0.6896862543216395,0.05650057271962803,1.0
local_mix,120,0.95,0.6595300795126917,0.7112931174471988,0.05176303793450716,1.0
