circuit,mean_P_standard,mean_P_cost_balanced,mean_P_latency,mean_P_high_perf,mean_delta_balanced,mean_efficiency_balanced
balanced_entangle_inverse,0.8059661606655136,0.8835041964749677,0.8858967642674057,0.9002391739077034,0.07753803580945394,0.05701326162459849
deep_chain_inverse,0.7645536726672135,0.8567202238732458,0.8595383298012036,0.8756470894267213,0.09216655120603222,0.06776952294561192
ghz_long_idle_inverse,0.7525480274433279,0.8462265786419758,0.849754815411166,0.8655616103484265,0.09367855119864782,0.06888128764606456
local_mix_inverse,0.8421310648161764,0.9019002102719802,0.9032309887385489,0.9154230372070357,0.05976914545580373,0.04394790107044392
