best_policy,n_boundary_points,mean_w_P,mean_w_Cost,mean_w_Safety,mean_w_Latency,mean_w_Robustness,mean_margin
cost_aware_low,1318,0.29563386468704905,0.11208520071599616,0.1876645326812105,0.14426314698759604,0.26035325492814826,0.0059615981707886595
high_perf_online,78,0.7243214786469475,0.11123717254503401,0.05670648289893523,0.06172172175452675,0.046013144154556464,0.005389048182129705
latency_optimized,52,0.4767195593306311,0.023487639243048024,0.030216627622930235,0.08889849289621171,0.380677680907179,0.0018774407270019068
oracle_high_cost,142,0.630711111036972,0.05426614809474961,0.07307775078046713,0.04111511630126301,0.2008298737865483,0.005650461876927112
standard,810,0.19119919037631802,0.14870686342289932,0.2346016751255269,0.1843332877080362,0.24115898336721955,0.005862754118575765
