sequence,mean_P_standard,mean_P_delayed_d2,mean_P_delayed_d3,mean_P_latency_optimized,mean_P_oracle,mean_delta_latency_standard,mean_delta_latency_d2,mean_delta_latency_d3,Pr_latency_gt_d2,Pr_latency_gt_d3
amp_to_mixed_to_depolarizing,0.7896369681974665,0.8657328759361183,0.8569867963344984,0.8711538747984573,0.8902003651123349,0.0815169066009908,0.005420998862339143,0.014167078463958994,0.8611111111111112,1.0
depol_to_mixed_to_dephasing,0.8083126836581268,0.8788949612502166,0.870795014294156,0.8852356286994194,0.8993285053870328,0.07692294504129268,0.006340667449202771,0.01444061440526346,0.8611111111111112,0.9722222222222222
fast_switching,0.7991612981151455,0.8564346230169104,0.8636320654908488,0.8813432510782806,0.8986287728728838,0.0821819529631352,0.024908628061370272,0.017711185587431844,1.0,1.0
mixed_bursts,0.7969169684022418,0.8644191520516675,0.8717301269915341,0.8824375244811115,0.8929834151680252,0.0855205560788696,0.01801837242944384,0.010707397489577296,1.0,0.9722222222222222
oscillating_amp_dephase,0.7787427312000758,0.8388304656735519,0.8595134041252112,0.8617229525472785,0.885233185439316,0.08298022134720273,0.022892486873726685,0.0022095484220674235,1.0,0.6111111111111112
slow_dephasing_to_mixed_to_amp,0.7841284381018101,0.8597280721123265,0.8531837105194794,0.8683076425823297,0.8889529412777494,0.08417920448051955,0.008579570470003113,0.015123932062850247,0.9722222222222222,1.0
