sequence,mean_P_standard,mean_P_online,mean_P_delayed_d1,mean_P_delayed_d2,mean_P_delayed_d3,mean_P_latency_aware,mean_P_oracle,mean_delta_online_standard,mean_delta_d2_standard,mean_delta_d3_standard,mean_delta_latency_standard,Pr_latency_gt_standard,Pr_latency_gt_d2,Pr_latency_gt_d3
amp_to_mixed_to_depolarizing,0.7906539554330475,0.884402739329054,0.874972613694604,0.8684374479445012,0.8595267828451402,0.853127979689673,0.8922976011735326,0.09374878389600642,0.07778349251145361,0.06887282741209257,0.06247402425662551,1.0,0.015625,0.15625
depol_to_mixed_to_dephasing,0.8097184890307908,0.8902022709259951,0.8862526383486486,0.8783610525800484,0.8715828819017427,0.8684345740047462,0.8979168442563912,0.08048378189520433,0.0686425635492576,0.061864392870951926,0.05871608497395542,1.0,0.078125,0.4375
fast_switching,0.7937062391227485,0.8863834331499569,0.8504909715181111,0.8533881240227259,0.8593604189101908,0.8578979490165883,0.8951775918560172,0.09267719402720839,0.05968188489997739,0.06565417978744228,0.0641917098938398,1.0,0.75,0.484375
mixed_bursts,0.7913612564344757,0.8820862994055375,0.8674677050924565,0.86472846069196,0.8717416046036702,0.8678406365487136,0.8942522887642266,0.09072504297106172,0.07336720425748419,0.08038034816919447,0.07647938011423784,1.0,0.640625,0.296875
oscillating_amp_dephase,0.7787893281323451,0.8767784378704225,0.8236479301339256,0.8389334115232986,0.8582968548097935,0.8482293784140028,0.8851618838536613,0.09798910973807745,0.06014408339095346,0.07950752667744829,0.06944005028165766,1.0,0.890625,0.09375
slow_dephasing_to_mixed_to_amp,0.7849470665108046,0.8804453888567807,0.870512175790266,0.8614891300643824,0.8512165093871413,0.8569226427702789,0.8885357313026565,0.09549832234597604,0.07654206355357779,0.06626944287633672,0.07197557625947426,1.0,0.296875,0.703125
