mode,mean_P,ci95_low,ci95_high
base,0.7616454063586036,0.7557502770240814,0.7678907616345054
standard,0.7928165146124777,0.7875421930905456,0.7980226804582138
online_no_delay,0.8836058781983636,0.8800674717222733,0.8871755440113714
delayed_d1,0.8630485703169076,0.858228769054149,0.867841284810367
delayed_d2,0.8606733583401319,0.856650366436088,0.8649507097897059
delayed_d3,0.8626401862926214,0.858536154631855,0.8666337004408066
latency_optimized,0.8750334790311461,0.871208400054715,0.8787576151973686
oracle,0.8925545308762237,0.8891806734236545,0.8960779342761354
