sequence,mean_P_standard,mean_P_cost_balanced,mean_P_latency,mean_P_high_perf,mean_cost_balanced,mean_cost_latency,mean_cost_high_perf,mean_delta_balanced,mean_efficiency_balanced
amp_to_mixed_to_depolarizing,0.7898155519797488,0.8692106084597019,0.8716702706056658,0.8887906054592666,2.06,2.06,2.0687698412698414,0.07939505647995297,0.05837871799996542
depol_to_mixed_to_dephasing,0.8103392407579934,0.8842455106784383,0.8862487456271948,0.8962046991812463,2.06,2.06,1.9759920634920634,0.07390626992044494,0.05434284552973893
fast_switching,0.7922947317403305,0.8724731758147933,0.8750160910936905,0.890118179492397,2.06,2.06,2.104761904761905,0.08017844407446291,0.05895473829004625
mixed_bursts,0.7878429360201329,0.8757365304668123,0.8786597290240233,0.882609233738818,2.06,2.06,2.102301587301587,0.08789359444667941,0.06462764297549956
oscillating_amp_dephase,0.7831291483143776,0.8640956597396766,0.8671677598121649,0.8910615332445556,2.06,2.06,2.149047619047619,0.08096651142529894,0.05953419957742569
slow_dephasing_to_mixed_to_amp,0.7843767795757642,0.8667653287338316,0.8688687511647473,0.8865221152185466,2.06,2.06,2.0348015873015872,0.08238854915806738,0.06057981555740249
