policy,mean_P,mean_cost,mean_deltaP_vs_standard,ci95_delta_low,ci95_delta_high,mean_extra_cost_vs_standard,mean_efficiency,mean_utility_lambda_0_020,Pr_better_than_standard,pareto_efficient
base,0.7597611080915785,0.09999999999999998,-0.03153862330647942,-0.03236168337471346,-0.030705313074188934,-0.5999999999999999,,-0.03153862330647942,0.0,True
standard,0.791299731398058,0.7000000000000002,0.0,0.0,0.0,0.0,,0.0,0.0,True
cost_aware_low,0.8645429681996238,1.6800000000000002,0.07324323680156583,0.07051251527545266,0.07594467780977673,0.9800000000000002,0.07473799673629167,0.05364323680156583,1.0,True
cost_aware_balanced,0.8720878023155424,2.0599999999999996,0.08078807091748443,0.07780502327530431,0.08373041227321429,1.3599999999999999,0.05940299332167972,0.05358807091748442,1.0,False
latency_optimized,0.874605224554581,2.0599999999999996,0.08330549315652319,0.08018569566054404,0.08627695948332023,1.3599999999999999,0.061254039085678814,0.05610549315652318,1.0,True
high_perf_online,0.8892177277224717,2.072612433862434,0.09791799632441377,0.09444876410307793,0.10153898468617271,1.372612433862434,0.07129575966704181,0.0704657476471651,1.0,True
oracle_high_cost,0.8980833348661137,2.7083333333333326,0.10678360346805571,0.10284531082155339,0.11061234057305194,2.0083333333333333,0.05316159632297627,0.06661693680138903,1.0,True
