metric,mean_delta,ci95_low,ci95_high,Pr_positive
online_minus_standard,0.09078936358588575,0.0879947326773002,0.09367176079758953,1.0
d2_minus_standard,0.06785684372765412,0.0654550651343665,0.07036442826795826,1.0
d3_minus_standard,0.06982367168014356,0.06736465686716102,0.0722797000048984,1.0
latency_opt_minus_standard,0.08221696441866842,0.07967704948469335,0.08460876746391555,1.0
latency_opt_minus_d2,0.014360120691014304,0.013024588719564124,0.015861479657539042,0.9490740740740741
latency_opt_minus_d3,0.012393292738524877,0.011349816138127664,0.013409981413842635,0.9259259259259259
latency_opt_minus_oracle,-0.017521051845077493,-0.018306272902302627,-0.01675163969663383,0.0
