noise_class,n,classification_accuracy,mean_P_base,mean_P_standard,mean_P_coherence_only,mean_P_oracle,mean_P_classifier_TMI,mean_delta_classifier_minus_standard,Pr_classifier_greater_than_standard,mean_delta_classifier_minus_coherence_only,Pr_classifier_greater_than_coherence_only,mean_delta_classifier_minus_oracle,status
amplitude_damping,120,1.0,0.5715952368122751,0.5949530771311473,0.590943798544654,0.6875972984292036,0.6875972984292036,0.09264422129805636,1.0,0.0966534998845496,1.0,0.0,passed
dephasing,120,1.0,0.6545558927590509,0.6890981164278672,0.7370995143039265,0.7370995143039265,0.7370995143039265,0.04800139787605938,1.0,0.0,0.0,0.0,passed
depolarizing,120,1.0,0.646251202151443,0.6747744025259765,0.6769252139716302,0.7088047986460133,0.7088047986460133,0.03403039612003691,1.0,0.03187958467438324,1.0,0.0,passed
mixed,120,0.8083333333333333,0.5456723295845093,0.579702909470436,0.5976363530226401,0.6278889615572776,0.6266021646817014,0.04689925521126536,1.0,0.028965811659061463,0.9333333333333333,-0.0012867968755762007,passed
