mode,u,P_success,failure_probability,T2_eff_us,p_gate,criterion
base_no_protection,0.0,0.180462513162885,0.819537486837115,51.094282976032,0.0016,baseline
standard_fixed_protection,0.45,0.32775135618009227,0.6722486438199078,105.54391199357624,0.00178225,fixed non-adaptive protection
tmi_raw_adaptive,0.62003588787774,0.46516601668183144,0.5348339833181686,170.059151496525,0.0019460000520307038,raw noisy adaptive controller
tmi_stabilized_adaptive_interface,0.6167161568048973,0.46462335307879016,0.5353766469212098,169.74169023287172,0.0019423049362577824,success if P_stabilized > P_standard; stronger if > P_raw
