mode,mean_P,mean_delta_vs_standard,Pr_greater_than_standard,failure_rate,mean_u,mean_abs_u_error
standard,0.27994618831619617,0.0,0.0,,0.45,0.08236055643879321
adversarial_TMI,0.27992821775947674,-1.7970556719444977e-05,0.47758620689655173,0.5224137931034483,0.4718945479536799,0.10165793426131368
safety_v1,0.29386225624177886,0.013916067925582708,0.6172413793103448,0.38275862068965516,0.39547477310073786,0.0730117760687483
recovery_v2,0.29322834201517733,0.013282153698981164,0.5793103448275863,0.4206896551724138,0.38636833936775417,0.07631740031341208
