config,mean_P_success,ci95_P_success_low,ci95_P_success_high,mean_delta_vs_standard,ci95_delta_vs_standard_low,ci95_delta_vs_standard_high,Pr_greater_than_standard,mean_delta_vs_full_TMI,ci95_delta_vs_full_TMI_low,ci95_delta_vs_full_TMI_high,Pr_greater_than_full_TMI,mean_u_final,mean_abs_u_error
standard_fixed,0.3871578343167374,0.37573515131159335,0.3996327091292979,0.0,0.0,0.0,0.0,-0.06774726464232973,-0.07455907858660424,-0.06079922478676084,0.041666666666666664,0.4500000000000001,0.15704945308959922
raw_spsa,0.3814819310483973,0.3706089908458298,0.39204220694496095,-0.0056759032683400806,-0.01742430223850785,0.005471320867144692,0.5875,-0.07342316791066981,-0.0846099903175237,-0.06219058580115356,0.11666666666666667,0.5684242131809488,0.140673864361984
single_measurement,0.45398583086287175,0.44344731036720925,0.46444687149459196,0.06682799654613439,0.060245912904419,0.0736065180136068,0.9166666666666666,-0.0009192680961953438,-0.0015996186418337503,-0.00020359536274909922,0.4625,0.6004164509674491,0.025753693483028806
no_step_limit,0.45452964897738063,0.4435281443048644,0.46513008320517446,0.06737181466064326,0.06083069460007844,0.0747317356363476,0.9333333333333333,-0.0003754499816864774,-0.000985060675734341,0.0002067595227878107,0.45416666666666666,0.6014789045623391,0.0242419796114597
no_smoothing,0.45475030189750404,0.44478474994910977,0.4655326158940921,0.06759246758076666,0.06066049578788124,0.07418001266590701,0.9375,-0.00015479706156306023,-0.0007094015406442003,0.00037703584083875253,0.48333333333333334,0.6013042800584112,0.02251443036449323
no_memory,0.45362815823747316,0.44339905442960637,0.46477001706793947,0.06647032392073578,0.0600714668104834,0.07352143730936136,0.875,-0.0012769407215939507,-0.002023768565862324,-0.0005600419010143272,0.44166666666666665,0.5915416666666667,0.029501417831113614
full_TMI,0.45490509895906706,0.44446513228486234,0.4658747767462924,0.06774726464232973,0.060740904369719254,0.07453304904653238,0.9291666666666667,0.0,0.0,0.0,0.0,0.5990657719369935,0.022287649755668004
