stage,P_base,P_standard,P_TMI,delta_TMI_std,cells_passed,cells_total
Test 24 raw,0.7535387674967448,0.7532310485839844,0.7522621154785156,-0.00096893310546875,0,16
Test 26 calibrated,0.47933705647786456,0.5203196207682291,0.5928153991699219,0.0724957784016927,12,16
Test 27 corrected,0.5791460673014323,0.6432037353515625,0.7576255798339844,0.11442184448242188,16,16
