{
  "test": "TMI Computational Test 24: Real Qiskit-Aer Execution",
  "status": "failed",
  "overall": {
    "n_total_runs": 192,
    "shots": 4096,
    "mean_P_base": 0.7535387674967448,
    "mean_P_standard": 0.7532310485839844,
    "mean_P_TMI": 0.7522621154785156,
    "mean_delta_TMI_minus_standard": -0.00096893310546875,
    "ci95_delta": [
      -0.0014801661173502604,
      -0.0005302111307779949
    ],
    "Pr_TMI_greater_than_standard": 0.07291666666666667,
    "noise_models_passed": 0,
    "noise_models_total": 4,
    "circuit_noise_cells_passed": 0,
    "circuit_noise_cells_total": 16
  },
  "scientific_caution": "Qiskit-Aer simulator validation, not laboratory proof."
}