bias_strength,penalty_strength,mean_delta_TMI,mean_Pr_win_TMI,failure_cells,weak_cells,success_cells,mean_delta_safety,mean_Pr_win_safety
0.0,1.8,0.010749156503196427,0.71875,2,7,3,0.012240902447336484,0.6770833333333334
0.0,3.2,0.012017187604111785,0.6145833333333334,5,3,4,0.011229933633696133,0.5416666666666666
0.06,1.8,0.004974058317677827,0.5104166666666666,8,3,1,0.007777862400041369,0.53125
0.06,3.2,0.008885633903132678,0.59375,7,1,4,0.011644174388215254,0.6458333333333334
0.12,1.8,-0.00040044491286595017,0.46875,9,2,1,0.009413881873543322,0.625
0.12,3.2,0.006562731329836281,0.5520833333333334,7,3,2,0.009208008062041669,0.59375
0.18,1.8,-0.015021111623737322,0.375,10,2,0,0.00916033722426488,0.6458333333333334
0.18,3.2,-0.008032258909897208,0.40625,10,1,1,0.01370042838601692,0.65625
