circuit,n_env,mean_P_base,mean_P_standard,mean_P_TMI,mean_delta_TMI_minus_standard,ci95_delta_std_low,ci95_delta_std_high,Pr_TMI_greater_than_standard,mean_delta_TMI_minus_base,ci95_delta_base_low,ci95_delta_base_high,Pr_TMI_greater_than_base,mean_abs_u_error
balanced_entangle_inverse,26,0.16927284818179864,0.27699920276269663,0.37637605678761415,0.09937685402491749,0.07447721889555409,0.12480083264374466,1.0,0.20710320860581552,0.17371431344483315,0.24157528280680224,1.0,0.02302934307136858
deep_chain_inverse,26,0.253236039101209,0.32212636537507067,0.37743054730764514,0.055304181932574394,0.03529368346460244,0.07757416436868761,0.9230769230769231,0.12419450820643603,0.09259574463360322,0.15538291708012889,1.0,0.04200562591558289
ghz_long_idle_inverse,26,0.49516908404884946,0.5118984871220413,0.5266667077227088,0.014768220600667627,0.004925110851454802,0.026840772565793765,0.46153846153846156,0.03149762367385938,0.01559169825860208,0.05003058439415936,0.8461538461538461,0.2053000840332124
local_mix_inverse,26,0.2487409785079805,0.4043604200083089,0.4998167889193094,0.09545636891100047,0.073479744917614,0.11819634597032806,1.0,0.25107581041132887,0.2184961169914843,0.28463333172118466,1.0,0.03203366250666944
