stage,P_base,P_standard,P_TMI,delta_std_base,delta_TMI_std,Pr_TMI_gt_std,cells_passed,cells_total
Test 24 raw failed,0.7535387674967448,0.7532310485839844,0.7522621154785156,,-0.00096893310546875,0.07291666666666667,0,16
Test 26 calibrated passed,0.47933705647786456,0.5203196207682291,0.5928153991699219,0.040982564290364586,0.0724957784016927,0.75,12,16
Test 27 corrected passed,0.5791460673014323,0.6432037353515625,0.7576255798339844,0.0640576680501302,0.11442184448242188,1.0,16,16
Test 28 OOD passed,0.29135725233289933,0.3424411349826389,0.46158430311414933,0.051083882649739586,0.11914316813151042,1.0,24,24
